{"dataURL":"file:\/\/\/Users\/nikitapetrov\/Documents\/Training%20Data\/","id":"62FBB7D9-9413-441E-AB2B-CE06B2808E2D","createdDate":"2021-11-16T16:32:54Z","title":"Training Data","modifiedDate":"2021-11-17T16:43:52Z","preferredFilename":"Training Data","version":"1.0","dataResult":{"itemsCount":89,"dataURL":"file:\/\/\/Users\/nikitapetrov\/Documents\/Training%20Data\/","classesCount":4,"analysis":{"summary":{"canUseValidation":1,"classCount":4,"sampleCount":89},"issues":[{"description":"4 classes found, including Nick, Difa, Max","severity":"debug"},{"description":"89 images found, automatically creating validation set","severity":"good"},{"description":"Smallest class is \"Marina\" with 15 images","severity":"debug"},{"description":"Largest class is \"Nick\" with 32 images","severity":"debug"}],"classifierAnalysis":{"columns":[],"vizualizerSpec":"","labelStats":{"Max":20,"Marina":15,"Nick":32,"Difa":22}}}},"activityEntities":["dataSourceMetrics",[{"id":"FCEC009D-B3BD-46F8-87C2-9A40FFF05CC2","title":"Data Summary","createdDate":"2021-11-16T16:34:19Z","event":"dataSourceMetrics","subtitle":"4 Classes, 89 Items"}],"dataSourceCreated",[{"id":"EF2513F5-AE8E-4498-B71E-96DC3686BF14","title":"Data Source Created","createdDate":"2021-11-16T16:32:54Z","event":"dataSourceCreated","subtitle":"Training Data"}],"dataSourceTrainingStarted",[{"id":"16AFDF4E-3852-40B0-88D5-B3DE9B202172","title":"Used By","createdDate":"2021-11-16T16:34:19Z","event":"dataSourceTrainingStarted","subtitle":"WhoAreYou 5"}]],"pathType":0,"experimentIDs":["45E7F95D-1DC2-451D-A6B4-885C20FEE9D7"]}