{"id":"45E7F95D-1DC2-451D-A6B4-885C20FEE9D7","validationEntity":{"analysedDataType":"auto","dataResult":{}},"modelEntity":{"createdDate":"2021-11-16T16:32:41Z","id":"3250CF92-4D9C-4E0D-8542-1FD96E843563","experimentID":"45E7F95D-1DC2-451D-A6B4-885C20FEE9D7","title":"","modifiedDate":"2021-11-16T16:32:41Z","preferredFilename":"","version":"1.0","modelURL":"Models\/WhoAreYou%205.mlmodel"},"version":"1.0","settingEntity":{"taskType":"imageClassifier","augmentations":["expose","rotate","blur","addNoise","flip","crop"],"styleTransferAlgorithmType":"image","iterationCount":25,"transferLearningEmbeddingType":"dynamic","harVideoAugmentations":0,"algorithmType":"maxEnt","seedType":"default","featureNames":[]},"state":"trained","trainingEntity":{"finishTime":"2021-11-16T16:34:33Z","recipeTrainingResults":{"imageClassifier":{"confusionMatrix":[{"expected":"Difa","actual":"Difa","count":37},{"expected":"Nick","actual":"Difa","count":1},{"expected":"Marina","actual":"Marina","count":27},{"expected":"Max","actual":"Max","count":35},{"expected":"Nick","actual":"Nick","count":57}],"statsByLabel":{"Max":{"count":35,"precisionRecall":{"success":{"recall":1,"precision":1}}},"Marina":{"count":27,"precisionRecall":{"success":{"recall":1,"precision":1}}},"Nick":{"count":57,"precisionRecall":{"success":{"recall":1,"precision":0.98275862068965514}}},"Difa":{"count":38,"precisionRecall":{"success":{"recall":0.97368421052631582,"precision":1}}}},"accuracy":0.99363057324840764}},"dataResult":{"itemsCount":89,"dataURL":"file:\/\/\/Users\/nikitapetrov\/Documents\/Training%20Data\/","classesCount":4,"dataSourceID":"62FBB7D9-9413-441E-AB2B-CE06B2808E2D","analysis":{"summary":{"sampleCount":89,"classCount":4,"canUseValidation":1},"issues":[{"description":"4 classes found, including Nick, Difa, Max","severity":"debug"},{"description":"89 images found, automatically creating validation set","severity":"good"},{"description":"Smallest class is \"Marina\" with 15 images","severity":"debug"},{"description":"Largest class is \"Nick\" with 32 images","severity":"debug"}],"classifierAnalysis":{"columns":[],"vizualizerSpec":"","labelStats":{"Marina":15,"Nick":32,"Max":20,"Difa":22}}}},"dataURL":"file:\/\/\/Users\/nikitapetrov\/Documents\/Training%20Data\/","featureExtractionCheckpointMayBeAvailable":false,"recipeValidationResults":{"imageClassifier":{"confusionMatrix":[{"expected":"Difa","actual":"Difa","count":6},{"expected":"Difa","actual":"Marina","count":1},{"expected":"Marina","actual":"Marina","count":2},{"expected":"Max","actual":"Max","count":2},{"expected":"Nick","actual":"Max","count":3},{"expected":"Difa","actual":"Nick","count":1},{"expected":"Nick","actual":"Nick","count":6}],"statsByLabel":{"Marina":{"count":3,"precisionRecall":{"success":{"recall":0.66666666666666663,"precision":1}}},"Nick":{"count":7,"precisionRecall":{"success":{"recall":0.8571428571428571,"precision":0.66666666666666663}}},"Max":{"count":5,"precisionRecall":{"success":{"recall":0.40000000000000002,"precision":1}}},"Difa":{"count":6,"precisionRecall":{"success":{"recall":1,"precision":0.75}}}},"accuracy":0.76190476190476186}},"progress":[{"currentRowIndex":0,"tableIndex":0,"count":0,"isLast":false,"percentComplete":0,"tableDone":false},{"icTrainingColumnHeader":{"hasValidation":true,"elapsedTime":1.0693790000000001,"trainingAccuracy":0.36305700000000002,"iterationCount":1,"validationAccuracy":0.33333299999999999},"isLast":false,"currentRowIndex":0,"count":1,"tableDone":false,"tableIndex":18,"percentComplete":0},{"icTrainingColumnHeader":{"hasValidation":true,"elapsedTime":1.1597109999999999,"trainingAccuracy":0.68152900000000005,"iterationCount":2,"validationAccuracy":0.33333299999999999},"isLast":false,"currentRowIndex":0,"count":2,"tableDone":false,"tableIndex":18,"percentComplete":0},{"icTrainingColumnHeader":{"hasValidation":true,"elapsedTime":1.18913,"trainingAccuracy":0.63057300000000005,"iterationCount":3,"validationAccuracy":0.42857099999999998},"isLast":false,"currentRowIndex":0,"count":3,"tableDone":false,"tableIndex":18,"percentComplete":0},{"icTrainingColumnHeader":{"hasValidation":true,"elapsedTime":1.2588060000000001,"trainingAccuracy":0.859873,"iterationCount":4,"validationAccuracy":0.61904800000000004},"isLast":false,"currentRowIndex":0,"count":4,"tableDone":false,"tableIndex":18,"percentComplete":0},{"icTrainingColumnHeader":{"hasValidation":true,"elapsedTime":1.297485,"trainingAccuracy":0.94904500000000003,"iterationCount":5,"validationAccuracy":0.76190500000000005},"isLast":false,"currentRowIndex":0,"count":5,"tableDone":false,"tableIndex":18,"percentComplete":0},{"icTrainingColumnHeader":{"hasValidation":true,"elapsedTime":1.4343109999999999,"trainingAccuracy":0.99363100000000004,"iterationCount":10,"validationAccuracy":0.76190500000000005},"isLast":false,"currentRowIndex":0,"count":10,"tableDone":true,"tableIndex":18,"percentComplete":0},{"currentRowIndex":0,"tableIndex":0,"count":15,"isLast":false,"percentComplete":0,"tableDone":false},{"currentRowIndex":0,"tableIndex":0,"count":20,"isLast":false,"percentComplete":0,"tableDone":false},{"currentRowIndex":0,"tableIndex":0,"count":25,"isLast":false,"percentComplete":0,"tableDone":false},{"currentRowIndex":0,"tableIndex":0,"count":30,"isLast":false,"percentComplete":0,"tableDone":false},{"currentRowIndex":0,"tableIndex":0,"count":35,"isLast":false,"percentComplete":0,"tableDone":false},{"currentRowIndex":0,"tableIndex":0,"count":40,"isLast":false,"percentComplete":0,"tableDone":false},{"currentRowIndex":0,"tableIndex":0,"count":45,"isLast":false,"percentComplete":0,"tableDone":false},{"currentRowIndex":0,"tableIndex":0,"count":50,"isLast":false,"percentComplete":0,"tableDone":false},{"currentRowIndex":0,"tableIndex":0,"count":55,"isLast":false,"percentComplete":0,"tableDone":false},{"currentRowIndex":0,"tableIndex":0,"count":60,"isLast":false,"percentComplete":0,"tableDone":false},{"currentRowIndex":0,"tableIndex":0,"count":65,"isLast":false,"percentComplete":0,"tableDone":false},{"currentRowIndex":0,"tableIndex":0,"count":70,"isLast":false,"percentComplete":0,"tableDone":false},{"currentRowIndex":0,"tableIndex":0,"count":75,"isLast":false,"percentComplete":0,"tableDone":false},{"currentRowIndex":0,"tableIndex":0,"count":80,"isLast":false,"percentComplete":0,"tableDone":false},{"currentRowIndex":0,"tableIndex":0,"count":85,"isLast":false,"percentComplete":0,"tableDone":false},{"currentRowIndex":0,"tableIndex":0,"count":89,"isLast":false,"percentComplete":0,"tableDone":true}],"trainingAccuracy":0.99363057324840764,"checkpointMetrics":{},"analysedDataType":"datasource","dataSourceID":"62FBB7D9-9413-441E-AB2B-CE06B2808E2D","snapshottableCheckpoints":{},"validationAccuracy":0.76190476190476186,"startTime":"2021-11-16T16:34:19Z"},"createdDate":"2021-11-16T16:32:41Z","snapshotRole":{"withoutSnapshots":0},"evaluationEntities":[{"result":{"imageClassifier":{"statsByLabel":{"Marina":{"count":15,"precisionRecall":{"success":{"recall":1,"precision":1}}},"Nick":{"count":32,"precisionRecall":{"success":{"recall":0.9375,"precision":0.90909090909090906}}},"Max":{"count":20,"precisionRecall":{"success":{"recall":0.90000000000000002,"precision":0.90000000000000002}}},"Difa":{"count":22,"precisionRecall":{"success":{"recall":0.90909090909090906,"precision":0.95238095238095233}}}},"accuracy":0.93258426966292129}},"dataURL":"file:\/\/\/Users\/nikitapetrov\/Documents\/Testing\/","id":"d07c2d36-b790-45d9-80f9-9bf8364c479b","dataResult":{"itemsCount":89,"dataURL":"file:\/\/\/Users\/nikitapetrov\/Documents\/Testing\/","classesCount":4,"dataSourceID":"548D20EA-3538-4D84-9182-EF174E726D98","analysis":{"summary":{"sampleCount":89,"classCount":4,"canUseValidation":1},"issues":[{"description":"4 classes found, including Nick, Difa, Max","severity":"debug"},{"description":"89 images found, automatically creating validation set","severity":"good"},{"description":"Smallest class is \"Marina\" with 15 images","severity":"debug"},{"description":"Largest class is \"Nick\" with 32 images","severity":"debug"}],"classifierAnalysis":{"columns":[],"vizualizerSpec":"","labelStats":{"Marina":15,"Nick":32,"Max":20,"Difa":22}}}},"dataSourceID":"548D20EA-3538-4D84-9182-EF174E726D98","analysedDataType":"none","accuracy":0.93258426966292129,"startTime":"2021-11-16T16:34:36Z","finishTime":"2021-11-16T16:34:44Z"},{"id":"2bfa6f4f-7e1e-447c-88e7-5c57ecfa5122","dataResult":{"itemsCount":89,"dataURL":"file:\/\/\/Users\/nikitapetrov\/Documents\/Testing\/","classesCount":4,"dataSourceID":"548D20EA-3538-4D84-9182-EF174E726D98","analysis":{"summary":{"sampleCount":89,"classCount":4,"canUseValidation":1},"issues":[{"description":"4 classes found, including Nick, Difa, Max","severity":"debug"},{"description":"89 images found, automatically creating validation set","severity":"good"},{"description":"Smallest class is \"Marina\" with 15 images","severity":"debug"},{"description":"Largest class is \"Nick\" with 32 images","severity":"debug"}],"classifierAnalysis":{"columns":[],"vizualizerSpec":"","labelStats":{"Marina":15,"Nick":32,"Max":20,"Difa":22}}}},"dataURL":"file:\/\/\/Users\/nikitapetrov\/Documents\/Testing\/","dataSourceID":"548D20EA-3538-4D84-9182-EF174E726D98","analysedDataType":"none"}],"activityEntities":["trainingFinished",[{"id":"B64F435C-E2DD-4B90-95A9-977687ACD5ED","title":"Training Completed","createdDate":"2021-11-16T16:34:33Z","event":"trainingFinished","subtitle":"Model converged at 10 iterations"}],"evaluationDataAdded",[{"id":"93A61EC9-11F1-4701-857E-D83AB1967A0E","title":"Testing Data Added","createdDate":"2021-11-16T16:34:11Z","event":"evaluationDataAdded","subtitle":"Testing"}],"experimentCreated",[{"id":"AE863314-B02F-43F3-A734-1408ECC47DFA","title":"Model Source Created","createdDate":"2021-11-16T16:32:41Z","event":"experimentCreated","subtitle":"WhoAreYou 5"}],"evaluationStarted",[{"id":"C8EC5867-D4DF-477E-AD7A-500976E41A73","title":"Testing Started","createdDate":"2021-11-16T16:34:36Z","event":"evaluationStarted","subtitle":"WhoAreYou 5"}],"evaluationFinished",[{"id":"920C82F4-158E-4198-825E-9C014DF01AC6","title":"Testing Completed","createdDate":"2021-11-16T16:34:44Z","event":"evaluationFinished","subtitle":"WhoAreYou 5"}],"trainingStarted",[{"id":"2ABE9F79-D681-4973-9F2D-EDDA7F452912","title":"Training Started","createdDate":"2021-11-16T16:34:19Z","event":"trainingStarted","subtitle":"25 iterations"}],"trainingDataAdded",[{"id":"25AE5100-DC3F-4644-B1BF-3AFFE4E900C8","title":"Training Data Added","createdDate":"2021-11-16T16:32:54Z","event":"trainingDataAdded","subtitle":"Training Data"}]],"title":"WhoAreYou 5","evaluationEntity":{"result":{"imageClassifier":{"statsByLabel":{"Marina":{"count":15,"precisionRecall":{"success":{"recall":1,"precision":1}}},"Nick":{"count":32,"precisionRecall":{"success":{"recall":0.9375,"precision":0.90909090909090906}}},"Max":{"count":20,"precisionRecall":{"success":{"recall":0.90000000000000002,"precision":0.90000000000000002}}},"Difa":{"count":22,"precisionRecall":{"success":{"recall":0.90909090909090906,"precision":0.95238095238095233}}}},"accuracy":0.93258426966292129}},"dataURL":"file:\/\/\/Users\/nikitapetrov\/Documents\/Testing\/","id":"02a12622-271a-4ec9-94ab-d16734695b99","dataResult":{"itemsCount":89,"dataURL":"file:\/\/\/Users\/nikitapetrov\/Documents\/Testing\/","classesCount":4,"dataSourceID":"548D20EA-3538-4D84-9182-EF174E726D98","analysis":{"summary":{"sampleCount":89,"classCount":4,"canUseValidation":1},"issues":[{"description":"4 classes found, including Nick, Difa, Max","severity":"debug"},{"description":"89 images found, automatically creating validation set","severity":"good"},{"description":"Smallest class is \"Marina\" with 15 images","severity":"debug"},{"description":"Largest class is \"Nick\" with 32 images","severity":"debug"}],"classifierAnalysis":{"columns":[],"vizualizerSpec":"","labelStats":{"Max":20,"Marina":15,"Nick":32,"Difa":22}}}},"dataSourceID":"548D20EA-3538-4D84-9182-EF174E726D98","analysedDataType":"none","accuracy":0.93258426966292129,"startTime":"2021-11-16T16:34:36Z","finishTime":"2021-11-16T16:34:44Z"},"evaluationState":"evaluated","contentDataResult":{},"modifiedDate":"2021-11-16T16:34:44Z","preferredFilename":"WhoAreYou 5"}